Idiom,Example,Translation
서울에서 김서방 찾기,전화번호도 모르고 찾는다니 서울에서 김서방 찾기다,Trying to find someone without their phone number is like looking for a needle in a haystack!
뼈대 있다,대나무 뼈대에 방수포를 덮은 텐트 20만개가 빽빽히 자리잡고 있다.,"There are 200,000 tents covered with tarp on a bamboo skeleton."
목 놓고,노무현 전 대통령 추도식 10주기를 하루 앞두고 소천한 유시민 노무현재단 이사장의 모친이 생전 노무현 전 대통령의 서거 소식에 목 놓아 울었던 모습이 회자되고 있다.,"It is said that the mother of Yu si-min, the president of the Roh Moo-hyun Foundation who fled the 10th anniversary of Roh's memorial service, cried over the death of former President Roh Moo-hyun."
유종의 미,대표팀 최선참으로 벤투호에서도 확실히 가치를 증명한 그가 K리그에 이어 아시안컵 무대에서도 우승으로 유종의 미를 거둘 수 있을지 지켜볼 일이다.,"It is the situation to keep our eyes out whether he, who certainly proved his value in the Bento team as the highest seniority of the national team, will be able to get a successful conclusion by winning the Asian Cup after the K-League."
지휘봉을 잡다,김상식 감독이 지휘봉을 잡은 한국 남자농구 대표팀은 29일 오후 7시30분 부산 사직실내체육관에서 레바논을 상대로 2019 중국 농구월드컵 아시아-오세아니아 지역예선 2라운드 경기를 펼친다.,"The South Korean men's basketball team, helm taken by head coach Kim Sang-sik, will play the second round of the 2019 China Basketball World Cup Asia-Oceania Regional Match against Lebanon at 7:30 p.m. at Sajik Indoor Gymnasium in Busan."
말 되다,체크인하려고 벌써 5분은 여기서 기다렸다는 게 말이 되나요?,"I've already waited here for 5 minutes to check in, does this make sense to you?"
입에 붙다,처음 듣는 노래인데도 된장 향기처럼 넓고 얕게 퍼지는 후렴구가 한 십 년 내리 불렀던 것처럼 입에 붙었다.,"It was the first song I heard, but the chorus, which spread as wide and shallow as the smell of soybean paste, stuck to my mouth as it had been sung for ten years."
불똥 튀다,심 의원이 소속된 국회 기재위 국정감사 등은 여야간 대치의 불똥이 튈 경우 초반부터 파행 가능성도 제기되고 있다.,"The inspect of the Strategy and Finance Committee, which includes lawmaker Shim, is raising the possibility of the crippled operation of the National Assembly from the beginning in the event of a confrontation between the ruling and opposition parties."
빛을 발하다,깜짝 등장에 그치는 경우가 많지만 롯데 전병우(26)처럼 그 누구보다도 환하게 빛을 발하는 선수도 나오고 있다.,"There are many just cases of surprises, but there are also some players who are brighter than anyone else, like Lotte Jeon Byung-woo, 26 years old."
문자 그대로,"노동, 존엄, 욕망, 사랑, 유희, 갈등 등 인간 생활의 수많은 활동과 의미가 문자 그대로 ‘우리의 몸이 됨’으로써 우리의 개인적·집합적 건강상태를 보여준다는 것이다.","It is that many activities and meanings of human life, such as labor, dignity, desire, love, play, and conflict, literally “become our bodies,” revealing our personal and collective health."
돌다리도 두들겨 보고 건너라,"‘돌다리도 두드려 보고 건너라'는 속담처럼 모든 세부사항이 다루어졌는지, 허점은 없는지 확인합니다.","As the saying goes, “Look before you leap.” I make sure that every detail is covered and that the contracts are free of loopholes."
시간 가는 줄 모르다,인도에서의 시간이 너무 편안해서 시간 가는 줄 모른다고 말이다.,Time in India is so relaxing that I don't know how time goes.
갈림길에 서다,우리는 지금 중대한 선택의 갈림길에 서 있어.,We are on the verge of an important decision.
덕 보다,"은행은 금리상승기에 예대금리차 등이 벌어져 순이자마진이 커진데다, 부동산 시장이 지난해에도 들썩인 탓에 주택자금 대출이 늘어난 덕을 많이 봤다.","The bank benefited a lot from increased housing fund loans since loan interest margins increased due to widened difference of deposit and loan interest rate during interest rising period, and the real estate market fluctuated last year as well."
세상 떠나다,출연한 가수들 모두 한 마음으로 투병 중이던 전태관의 쾌유를 기원했으나 안타깝게 방송이 나가기 전 전태관이 세상을 떠났다.,"All of the singers had prayed for Jeon Tae-kwan's recovery, but unfortunately, Jeon Tae-kwan passed away before the show went on."
숨 돌리다,"통화가 끝나면 곧바로 다른 전화가 들어오고, 끊으면 숨돌릴 틈 없이 다시 벨이 울리는 ‘전화 지옥’에 자리 잡기를 자처했다.","As soon as the call ended another call came in, and I sought to settle in ""phone hell"" where the bell rings again without a break."
보는 눈이 있다,우리가 보는 눈이 있어서 복덩이를 잘 채용했네 그려?,"We had a good eye to find a talented person, so got lucky, right?"
만에 하나,도쿄전력이 사고 8년여 만에 후쿠시마 제1원전 폐로를 위한 또 하나의 의미 있는 ‘한 걸음’을 내디뎠다.,"More than eight years after the accident, the Tokyo Electric Power Holdings has taken another meaningful ""step"" toward decommissioning the Fukushima Daiichi nuclear power plant."
피도 눈물도 없다,독감에 걸렸는데 사장님은 그래도 출근 하라고 한다. 사장님은 피도 눈물도 없는 사람이다,I said I was sick but the boss said I had to come in anyway. He is merciless!
획을 긋다,낙동강과 함께 ‘호국의 고장’이라는 지역적인 특성이 칠곡 문학의 정서에 큰 획을 긋고 있다.,"Along with the Nakdonggang River, the regional character of ""The Patriotic Region"" marks a major milestone in the sentiment of Chilgok literature."
출사표를 던지다,네이버가 인터넷전문은행 불참을 선언하며 열기가 식었던 상황에서 대형 금융그룹 2곳이 잇따라 출사표를 던지면서 제3 인터넷전문은행 사업권 획득 레이스가 달아오르고 있다.,"Naver's decision to boycott the Internet-only bank has dampened its enthusiasm. As two large financial groups threw their hat into the ring, the race to acquire business rights for a third Internet bank is heating up."
손에 장을 지지다,그 만남이 성사되면 내 손에 장을 지지겠다.,Pigs will fly when the meeting takes place.
간발의 차이,매케인 의원의 부재는 공화당이 간발의 차이로 다수(51 대 49)를 점하는 상원의 지형에도 영향을 줄 것으로 보인다.,"McCain's absence will also affect the Senate's topography, where Republicans dominate the majority (51 vs 49)."
신경 쓰다,시술시간을 좀 더 신경 쓰지 못해드려 정말 죄송합니다.,I'm really sorry I didn't care more about the procedure.
손을 맞잡다,경기도와 도내 5개 대학이 청년 무역인재 양성과 취업을 위해 손을 맞잡았다.,Five universities in Gyeonggi Province and Gyeonggi Province have joined hands to foster young trade talent and help them get a job.
셀 수 없이,남성의 강점이 발휘될 요소들이 많이 줄어들고 여성의 섬세함으로 일의 성과를 더 낼 수 있는 사례들이 셀 수 없이 많다.,There are countless cases in which male strengths are less likely to be exerted and more likely to be better accomplished by female delicacy.
첫 삽을 뜨다,경기도는 5월 17일 오후 4시 남양주시 능내리에서 실학박물관 기공식을 갖고 전시와 교육은 물론 동아시아 실학연구의 메카가 될 복합 문화 공간의 첫 삽을 떴다.,"Gyeonggi Province held a groundbreaking ceremony for the Shilhak Museum in Neungnae-ri, Namyangju, at 4 p.m. on May 17 and opened the first spade of a complex cultural space that will become a mecca for East Asian practical studies as well as exhibitions and education."
앞뒤가 맞다,임 전 차장 때는 ‘소명’된 범죄혐의가 두 전직 대법관 때는 ‘의문의 여지’를 남긴다는 것이어서 앞뒤가 맞지 않는다.,"It does not make sense because the criminal charge, which was Explained for former Vice Minister Lim, leaves a Doubt for the two former Supreme Court justices."
탄력을 받다,"기존 미국, 일본, 독일 기업 등이 주를 이루던 실리콘 업계에 한국의 KCC가 두각을 나타내며 세계 시장으로의 진출에 더욱 탄력을 받게 됐다.","Korea's KCC stands out in the silicon industry, which was mainly dominated by U.S., Japanese, and German companies, and has gained more momentum in the global market."
시작이 반이다,"시작이 반이라고, 운전면허를 따기 위해서 학원부터 등록했다",Well begun is half done. If you want to learn to drive you need to start with lessons.
식은 죽 먹기,어렸을 때부터 이사를 많이 다녀서 친구 사귀기는 식은 죽 먹기이에요.,"I've been moving a lot since I was a kid, so getting new friends is a piece of cakes."
말문이 막히다,"Gigi가 그 재킷에 받쳐입을 수많은 블라우스를 보고, 난 말문이 막혔다.",I have choked on too many blouses to let Gigi get that jacket.
시치미를 떼다,아무래도 내가 그런 것을 알고 있는 것 같아. 끝까지 시치미 떼야 넘어갈 수 있겠는걸?,I think he knows that I did it. I can pass it only by playing the innocence till the end.
문턱이 높다,새벽 배송을 앞세운 신선식품 배송 스타트업으로 주목받는 마켓컬리가 시장보다 높은 지분가격과 복잡한 구조 탓에 투자 문턱이 높다는 지적이 나오고 있다.,"Market Curly, which is attracting attention as a fresh food delivery startup with early delivery, has a high investment threshold due to its higher share price and complex structure."
땀 흘리다,세계 시장서 스포트라이트를 받는 한국 대표 수출상품 뒤에는 묵묵히 연구개발에 매진하며 땀 흘린 기계산업이 있었다.,"Behind Korea's representative export product, which received a spotlight in the world market, was the machinery industry, which was devoting itself to research and development."
목이 빠지게 기다리다,이 힙합의 거장이 우리가 목 빠지게 기다리던 4집 앨범을 가지고 돌아왔다.,The virtuoso returns with his long-awaited fourth album.
눈이 뒤집히다,그녀는 그 새차를 보더니 홀딱 눈이 뒤집혔다.,"When she saw that new car, she went crazy over it."
입 다물다,열성 지지자가 아니면 입을 다무는 게 일반적이다.,"Unless you're a enthusiastic supporter, it's common for him to keep your mouth shut."
목숨을 버리다,"피해자를 무고자로 의심하거나 성노동자나 성경험이 많은 여성은 피해자로 취급하지 않는 것, 목숨을 버릴 만큼 강하게 저항하지 않았다는 이유로 피해자가 아니라고 판단하는 것 등이 해당한다.","This includes not treating a victim as a victim, not treating a sex worker or a woman with a lot of sexual experience as a victim, and judging that she is not a victim because she did not resist strongly enough to kill herself."
제동을 걸다,김학용(자유한국당) 국회 환경노동위원회 위원장이 ‘시기상조론’과 ‘기업을 경영할 권리’를 내세워 정부의 국제노동기구(ILO) 핵심협약 비준 움직임에 제동을 걸고 나섰다.,"Kim Hak-yong (Liberty Korea Party), chairman of the National Assembly's Environment and Labor Committee, has put the brakes on the government's move to ratify a key agreement with the International Labor Organization under the slogan of ""timerism"" and ""right to run companies."""
개천에서 용 난다,‘개천에서 용 났다’라는 말은 강의 인생 여정을 잘 설명해 줄 수 있다.,The term ‘rags to riches’ best describes the process for Kang.
손 떼다,특검팀은 마 변호사가 사건에서 손을 뗀 것은 드루킹과의 직접적인 교감에 의한 것일 가능성이 큰 것으로 보고 있다.,The special prosecutor team believes it is highly likely that Lawyer Ma's withdrawal from the case was due to direct communication with Druking.
정곡을 찌르다,"별 생각 없이 해 본 이야기인데, 정곡을 찌른 것 같다.","I’ve said it without thinking, but it seems that it hit the nail on the head."
꿈도 못 꾸다,미국은 이미 아프카니스탄과 이라크에 깊게 개입한 이후 중동에서 발을 빼려 하였고 지상군의 투입은 꿈도 못 꾸고 간헐적인 공군의 공습 정도만 할 수 있었다.,"The U.S. has already tried to pull out of the Middle East since it was deeply involved in Afghanistan and Iraq, and the deployment of ground forces could not be dreamed about but could only carry out intermittent airstrikes of the Air Force."
분위기 있다,"분위기 있는 배경과 소품, 적절한 자연광과 조명 등이 필요하다.","You'll need atmospheric backgrounds, props, appropriate natural light and lighting."
넋 나가다,그는 카메라 플래시를 받아서 넋이 나간 거야?,Did he lose his mind by the camera flash?
잔뼈가 굵다,신광조(61) 사람중심미래교통시민모임 홍보단장은 행정고시에 합격해 광주시 도시교통과 문화정책 분야 등에서 잔뼈가 굵은 정통 관료 출신이다.,"Shin Kwang-jo (age 61), the public relations director of the People-centered Future Transportation Citizens' Association, is a former official who passed the Civil Service Examination and has a lot of experience in city traffic and culture policies in Gwangju."
꼼짝 않다,꼬마 주인이 아무리 고삐를 당기고 채찍을 휘둘러도 꼼짝하지 않는다.,"No matter how much the owner pulls reins and swings a whip, it does not move."
뭐니 뭐니 해도,"혁명의 시대의 꽃은 뭐니 뭐니 해도 프랑스 대혁명(1789년)인데, 이 혁명의 주체세력이 세운 공화정부도 이성 중심의 정책을 최우선과제로 제시하였다.","The flower of the revolutionary era, however, was the French Revolution (1789), and the republican government, which was founded by the major force of the revolution, also presented rational-centered policies as its top priority."
기가 막히다,그녀는 그의 뻔뻔함에 기가 막혔다,She was dumbfounded by his shamelessness.
메가폰을 잡다,이정범 감독이 메가폰을 잡은 <악질경찰>은 세월호를 간접적으로 소환한다.,"Director Lee Jung-beom's ""The Evil Police"" summons the Sewol Ferry indirectly."
입 모으다,전문가들은 ‘며느리’가 대한민국 남성의 위선과 여성의 열악한 삶을 동시에 드러내는 ‘코드’로 자리 잡았다고 입을 모았다.,Experts said that 'the daughter-in-law' has become a 'code' that reveals the hypocrisy of Korean men and the poor lives of women at the same time.
구색 맞추다,"구색을 맞추겠다는 학생들이 많아서 학종 2개, 논술 2개 등등 이런 식으로 메뉴구성을 하는데, 애초에 정시 올인 하겠다고 생각했다면, 그냥 6논술이 제일 좋다.","There are a lot of students who want to complete an assortment of 2 kinds of students files, 2 essay writings, and so on. But just 6 essay writings are best for the CSAT if you determine to put all your effort as CSAT."
호흡을 맞추다,지난해 큰 사랑을 받은 JTBC 드라마 ‘밥 잘 사주는 예쁜 누나’에서 호흡을 맞췄던 안판석 감독과 김은 작가가 그려내는 설렘 가득한 로맨스 드라마다.,"It is a drama full of romance by director Ahn Pank-suk and writer Kim Eun, who worked together in the much-loved JTBC drama ""Pretty Noona Who Buys Me Meals,"" last year."
답이 안 나오다,떡을 안 먹으면 당신 떡 안 좋아 한다 이렇게 말하면 답이 안 나온다.,Saying that you don't like rice cake if you don't eat rice cake is not an answer.
보통 아니다,학기별로 대회를 두 번 여는데 열기가 보통이 아니다.,It is not normal to hold two competitions per semester.
사랑을 속삭이다,"결혼 전, 대학을 다닐 때나 직장을 다닐 때는 원하는 대상과 공원이나 기숙사 그늘에서 연인과 사랑을 속삭이더라도 막상 결혼해야 한다는 부모의 제안이 오면 군소리 없이 속눈물을 삼키며 이를 받아들인다.","When you're in college or at work, before marriage, you'll whisper your love and love in the shadow of a park or dormitory, but when your parent suggests that you should get married, you swallow your tears without shouts and accept it."
미역국을 먹다,그는 2년 동안 준비한 공무원 시험에서 미역국을 먹었다.,He failed the civil service exam that he had prepared for for two years.
운 떼다,정부가 운을 떼고 면제 프로젝트를 발표하기까지 딱 3개월 걸렸다.,It took just three months for the government to cast its luck and announce the exemption project.
이를 악물다,성폭력 피해자는 눈물 바람으로 방구석에 처박혀 해결의 손길을 기다려야 한다는 통념을 깨기 위해 그가 지금도 얼마나 이를 악물고 싸우고 있는가 느껴져서다.,I can feel how much he is still gritting his teeth to break the conventional belief that victims of sexual violence should be stuck in the room in tears and wait for someone who would help.
눈 맞추다,대화를 할 땐 언제나 눈을 맞추세요.,Have eye contact when you talk.
세상 뜨다,톱스타를 꿈꾸던 여배우가 세상을 뜨기 전 마지막으로 글을 남기면서 알지도 못하는 사람을 콕 짚어 거론할 리는 없을 테니까.,The actress who dreamed of becoming a top star would not be able to talk about someone she didn't know by writing her last words before she died.
고양이에게 생선을 맡기다,고양이한테 생선 가게를 맡긴 꼴이 되었다,It's like having the fox guard the henhouse.
울며 겨자 먹기,나는 울며 겨자 먹기로 그 요구에 응했다,I had to bite the bullet and backed down on the demand.
쐐기 박다,세라 허커비 샌더스 백악관 대변인은 나바로 국장의 인터뷰가 보도된 뒤 기자들을 만나 모든 나라가 대상이라고 쐐기를 박았다.,White House press secretary Sarah Huckabee Sanders met with reporters after Navarro's interview and stressed that all countries are targets.
아닐 수 없다,적자 국채 발행과 KT&G 사장 교체가 미수에 그쳤지만 그의 폭로가 사실이라면 심각한 국정 농단이 아닐 수 없다.,"The issuance of deficit-ridden state bonds and the replacement of KT&G CEO have only been attempted, but if his revelations are true, it will be a serious manipulation of state affairs."
일손 놓다,비정규 노동자들이 일손을 놓고 농성을 벌이자 범퍼 생산이 멈췄다.,The production of the bumper stopped when irregular workers stopped their work and staged a sit-in.
밑 빠진 독,사실상 나라 재정 없이는 살아갈 수 없는 농업에 대해 ‘밑 빠진 독에 물 붓기’식 지원이 진행되고 있는 셈이다.,"In effect, the government is providing support to agriculture, which cannot survive without the nation's finances, by ”wild-goose chase.”"
보란 듯이,"무리뉴 감독과 불화가 끊이지 않았던 폴 포그바, 앙토니 마르시알은 보란 듯이 공격을 주도하며 솔샤르 감독의 첫 승을 도왔다.","Paul Pogba and Anthony Marsial, who remained at odds with Director Mourinho, led the attack in a proud manner to help Director Solshar win his first match."
뒤통수 맞다,높은 교육열과 치열한 경쟁이 펼쳐지는 만큼 엄격한 내신관리가 있을 것으로 믿은 학생·학부모와 교육단체들은 뒤통수를 맞은 격이 됐고 전체 고등학교로 불신이 확산되고 있다.,"Students, parents, and education groups, who believed that there would be strict school management as high education fever and fierce competition, have been put on the back burner, and distrust is spreading to all high schools."
입이 딱 벌어지다,유희동 국장은 28일 밤 출입기자들에게 문자를 보내 “당황스러움을 넘어 입이 딱 벌어질 정도로 상상하지 못한 현상”이라고 토로했다.,"Director Yoo Hee-dong sent a text message to reporters at night of the 28th, saying, ""This is an unexpected phenomenon that is beyond my imagination that my mouth pops open."""
급한 불을 끄다,"실제로 지난 제천·KAL컵 남자프로배구대회에서 이 문제가 두드러졌고, 결국 최태웅 감독은 박주형을 투입해 급한 불을 꺼야 했다.","In fact, the problem was highlighted at the last Jecheon and KAL Cup men's professional volleyball tournament, and manager Choi Tae-woong had to put Park on the line to put out the urgent fire."
입 막다,"홍준표 자유한국당 대표가 자신의 교육감 후보 투표 발언에 대한 선거관리위원회 조사를 “야당 대표의 입을 막는 행위""라고 비판했다.","Regarding the Election Commission's investigation of the mention of his vote for a superintendent of an office of education, Hong Joon-pyo, the leader of the Liberty Korea Party, criticized, ""It is an action to silence the leader of the opposition party."""
꿩 먹고 알 먹고,치약을 사면 칫솔을 사은품으로 준다니 꿩 먹고 알 먹고네,I bought toothpaste and they gave me a free toothbrush. Two birds one stone!
뿌리 뽑다,"동기, 선후배 사이에서 빗나간 경쟁심은 어쩌면 한국 축구의 미래로 성장할지 모를 유망주의 ‘뿌리’를 파내고 뽑았다.","Distorted rivalry among colleagues and senior and juniors is digging up the ""root"" of promising players who may grow into the future of Korean football."
꼬리를 치다,그 여자는 내 남자친구에게 꼬리를 쳤다,She’s always flirting with my boyfriend!
머리가 복잡하다,하정우는 머리가 복잡할 땐 이런 말을 내뱉는다고 한다.,It is said that Ha Jung-woo spits out these words when his head is full of complications.
울음을 삼키다,곳곳에서 치솟아 오르는 울음을 힘겹게 삼키는 소리가 들려왔다.,There were sounds of fighting back tears from all over the place.
기지개를 켜다,김기현 전 울산시장의 측근들이 차례로 무혐의를 받자 황 청장을 향한 보수 진영의 특검 공세가 기지개를 켜고 있다.,"As the former Ulsan Mayor Kim Ki-hyun's close associates were acquitted one after another, a special investigation offensive aimed at chief Hwang has begun by the conservative camp."
심장이 뛰다,난 아직도 항상 너를 보면 내 심장이 뛰어.,My heart beats still whenever I look at you.
첫발을 떼다,중장기 교육정책 수립을 위한 국가교육위원회가 출범을 위한 첫발을 뗐다.,The National Education Commission for the establishment of the mid- to long-term education policy took the first step.
가재는 게 편이다,가재는 게 편이라고 그 사람들은 자기네 동네 사람을 도와줄 거야.,Birds of a feather flock together. They're going to help the people in their town.
그럼에도 불구하고,그럼에도 불구하고 박 부의장은 계속해서 가이드를 폭행했고 이를 보다 못한 버스 운전기사가 만류했지만 소용이 없었다.,"Nevertheless, Park continued to assault the guide and the bus driver tried to dissuade it, but it was useless."
넋 잃다,제가 아마도 넋을 잃었었는가 봅니다.,I was probably fascinated.
하늘과 땅,당신과 저의 게임 레벨의 차이는 하늘과 땅 차이입니다.,The difference in skills of the game level of you and I is like the distance between the sky and ground.
간담이 서늘하다,건설 노동조합은 구원을 보아서 공무원들과 선생들은 간담이 서늘해졌습니다.,Construction trade unions see salvation; government workers and teachers are appalled.
눈길 모으다,신민아가 대체 불가한 미모를 뽐내 눈길을 모았다.,Shin Min-ah showed off her irreplaceable beauty that attracted attention.
남의 떡이 더 커 보인다,인간은 이기적이고 탐욕적인 본성 때문에 남의 떡이 더 커 보인다고 생각하는 경우가 많다.,"The selfish, greedy nature of humans often leads people to believe that the grass is always greener on the other side of the fence."
판에 박히다,"중국에서 한국 영화에 대한 평은 대체로 좋지만, 판에 박힌 듯한 인상이 있는데 이러한 고정관념을 깨고 계속해서 발전하고 있는 한국 영화의 위상을 한 단계 높여 주었다.","Although reviews of Korean films in China are generally good, there is a stereotyped impression. Also, by breaking these stereotypes, it has elevated the status of Korean films which have continued to evolve."
운전대 잡다,이번주 전세계에서 마지막으로 사우디아라비아 여성들이 운전대를 잡게 됐다.,"This week, Saudi Arabian women will be able to take the wheel for the last in the world."
된서리를 맞다,한때 중국 시장이 우리 콘텐츠 산업의 미래이자 황금알인 것처럼 여기던 중국향 콘텐츠는 된서리를 맞았다.,"The content with a Chinese focus, which once regarded the Chinese market as the future of Korea's content industry and a golden egg, has hit a snag."
총대 메다,"관련 의혹이 걷잡을 수 없이 확산되면서 여권 내에서도 민심 이반 우려에 따른 혼란상이 표면화되기도 했지만, 더불어민주당 이해찬 대표가 총대를 메면서 입장이 정리되는 기류다.","As the suspicion spread, the confusion over concerns about the alienation of public sentiment was apparent in the ruling party, but its position is being settled as Lee Hae-chan, the chairman of Democratic Party of Korea decides the carry the ball."
못 박다,"미국은 지난 7월 중국이 신흥국들을 상대로 ‘부채의 덫 외교’를 한다며, 파키스탄에 투입된 국제통화기금의 구제금융이 대중국 채무 상환에 쓰이면 안 된다고 못을 박았다.","The U.S. said in July that China would engage in ""debt trapping diplomacy"" with emerging economies and that the bailouts of the International Monetary Fund put into Pakistan should not be used to repay the debt to China."
혀를 내두르다,서효원은 “첫 세트 6 대 2로 앞선 가운데 신유빈이 거듭된 공격을 막아내는 바람에 당황해 페이스를 잃었다”고 후배의 당찬 경기력에 혀를 내두르기도 했다.,"While leading 6-for-2 in the first set, Seo Hyo-won was impressed on the junior's confident performance, saying she lost her pace as she was surprised by Shin Yu-bin's repeated blocking of attacks."
가슴에 새기다,한반도기를 가슴에 새기고 하나가 된 남북 유도 단일팀이 2018 세계유도선수권 대회 혼성 단체전에서 값진 동메달을 차지했다.,"The inter-Korean judo single team, which embodied the Korean Peninsula in the heart, won a valuable bronze medal in the 2018 World Judo Championship mixed team match."
눈과 귀가 쏠리다,지난해까지만 해도 무명이었던 그가 감독으로 3연속 우승을 노리는 커 감독의 골든스테이트를 상대로 어떤 지략을 펼칠지에 전세계 농구팬들의 눈과 귀가 쏠리고 있다.,"The eyes and ears of basketball fans around the world are on what strategy he, who was unknown until last year, will play against Coach Kerr's Golden State who is seeking the third consecutive win."
막다른 골목,박홍주(김혜은 분)의 비리를 쫓던 강길영은 범죄의 결정적인 증거를 갖고 있던 김신자(박지아 분)가 사망하며 막다른 골목을 마주쳤다.,"With the death of Kim Shin-ja (acted by Park Ji-ah), who had the decisive evidence of the crime, Kang Gil-young, who was after the corruption case of Park Hong-ju (acted by Kim Hye-eun), is facing the dead end."
일이 꼬이다,"그 친구가 이쪽 전문가라길래 불러서 해결해 보려고 했는데, 일이 더 꼬여버렸다.","It is said that he is an expert in this field, so I called him to solve this problem out, but it became worse."
줄을 서다,"‘우리 사업장에선 5명만 가입할 수 있으니까 그중 한 명이 관두면 그때 가입할 수 있다’는 식인데, 그나마도 순서를 기다리는 대기자가 줄을 서 있다는 뜻이다.","In other words, ""Only five people can sign up at our workplaces, so if one of them quits, they can sign up at that time,"" which means that there are waiting in line for the order."
열매 맺다,“막힌 정국의 물꼬를 틀 수 있기를 바란다”는 문 대통령의 바람이 열매를 맺으려면 회담 형식에서 먼저 유연한 모습을 보여야 한다.,"In order for President Moon's wish to ""turn the lid on the stalled political situation"" to bear fruit, he must first show flexibility in the format of the talks."
입에 대다,아내는 평생 동안 담배를 입에 댄 적이 없었다.,My wife had never smoked in her life.
가방끈이 길다,언니가 나보다 가방끈이 기니까 더 잘 판단할 수 있을 줄 알았어.,"You are more educated than me, so I thought that you can make decisions better."
무릎 꿇다,텍사스가 연장전에서 먼저 기선을 제압하고도 무릎을 꿇었습니다.,Texas lost in overtime even they've got a head start.
말할 수 없다,"좋아하는 아티스트들에게 이러한 플랫폼을 통해 공식적으로 자신들의 관심을 표하는 행위조차도 팬들에게는 즐거움이 될 것이고, 그것이 실제 콘서트로 이어졌을 때 그 기쁨은 이루 말할 수 없을 것이다.","It would be a pleasure for fans to express their interest to their favorite artists through this platform, and it would be more than a joy to be there when it comes to real concerts."
뼈를 깎다,"4년 전 브라질월드컵 때 1무2패, 조 4위의 초라한 성적표를 거두자 대한축구협회는 “뼈를 깎는 노력으로 4년 후를 기약하겠다”라고 다짐했다.","Four years ago, when winning one and two losses and a poor record in the 4th place of the Brazilian World Cup, the Korean Football Association pledged to promise four years later in an effort similar to cutting the bones""."""
계란으로 바위 치기,그가 한 일은 계란으로 바위치기이다.,His work would be but a drop in the ocean.
손꼽아 기다리다,"피치 못할 사정으로 인해서 어쩔 수 없이 행사를 취소하게 되었을 것이라고 생각되지만, 누군가에게는 손꼽아 기다릴 정도로 의미가 컸을 행사이기에 주최 측의 일방적인 통보에 실망한 현지 팬들이 많아 보였다.","It seemed that the organizers had to cancel the event due to unavoidable circumstances, but many local fans were disappointed with their unilateral notification since it was a meaningful event somebody must have been waiting for a long time."
손 벌리다,굳이 일반투자자에게 손을 벌리지 않더라도 굴릴 돈이 마땅치 않은 금융권과 대기업이 꾸준히 돈을 대고 있다.,"Even if they do not open their hands to general investors, the financial sector and large companies, which do not have the money to roll over, are constantly paying for them."
물 건너가다,한국당 지도부 선출을 위한 전당대회가 27일 열릴 예정이어서 여당의 입장 변화가 없는 한 2월 임시국회는 물 건너갈 가능성이 높다.,"A national convention is scheduled to be held on July 27 to elect the leadership of the Liberty Korea party, and unless the ruling party changes its stance, the February extraordinary parliamentary session is likely to go nowhere."
허리띠를 졸라매다,김성태 자유한국당 대표는 11일 국회에서 열린 원내대책회의에서 “한국 경제의 내수와 투자가 모두 부진하다”며 “소득주도 성장 때문에 임금은 큰 폭으로 올랐지만 정작 성장은 둔화되고 서민들은 허리띠를 졸라매는 상황”이라고 지적했다.,"Kim Sung-tae, the chairman of Liberty Korea Party, said at a National Assembly floor meeting on the 11th, ""The domestic economy and investment are all sluggish in the Korean economy."" And he said. ""Wages have risen sharply due to income-led growth policy, but the economic growth has slowed and ordinary people are struggling in this situation."""
다름 아니라,다름이 아니고 예전부터 하고 싶었는데 예전에 너를 처음 봤을 때 내가 너를 귀찮게 해서 정말 미안해!,"I wanted to do this a long time ago, but I am really sorry to have bothered you when we first met!"
입이 가볍다,그녀는 입이 가볍다,She is a big mouth.
하루가 다르다,그는 “하루가 다르게 경제가 악화하는 상황에서 정부가 통제에 방점을 둔 개정안을 낸 것만으로도 기업 활동에는 부정적인 영향을 끼칠 수밖에 없다”고 주장했다.,"With the economy getting deteriorating day by day, the government's mere announcement of a control-focused revision will inevitably have a negative impact on business activities, he claimed."
혹시 몰라,혹시 모르니 현장과 접촉 부위를 사진으로 찍어두겠습니다.,"Just in case, I'll take a photograph of the contact part."
말도 안 되다,"박 시장과 15분가량 대화를 하고 나온 이들은 “말도 안 되는 행정 때문에 질식할 것 같았는데 숨통이 조금은 트인다""고 말했다.","After talking with Mayor Park for about 15 minutes, they said, ""We felt suffocated before because of the administration that made no sense, but now it feels like we can breathe a little."""
귀에 못이 박히다,그 얘기는 귀에 못이 박히도록 들었다,I am sick and tired of hearing that story.
오도 가도 못하다,량은 인준 절차가 길어질 가능성 때문에 직업적으로 너무 오래도록 오도 가도 못하는 어중간한 상태(limbo)가 지속 되는데 부담을 느낀 것으로 전해졌다.,Yang reportedly felt burdened by the possibility of a prolonged limbo state in his profession when the confirmation process drags on.
맞불 놓다,자유한국당 행사 참석 논란을 빚은 자신에게 손학규 대표가 ‘정체성을 분명히 하라’고 경고하자 맞불을 놓은 모양새입니다.,"He caused the controversy over the attendance at the Liberty Korea Party's event and apparently countered the leader Sohn Hak-kyu, when Sohn warned him to ”clearify identity.”"
똥 묻은 개가 겨 묻은 개 나무란다,앤은 언제나 지각하는 주제에 내가 지각하면 뻔뻔스럽게 여러 사람에게 불고 다니는 거야. 정말이지 똥 묻은 개가 겨 묻은 개를 나무란다더니.,"Ann is always late, but she was rude enough to tell everyone when I was late. Now, that's the pot calling the kettle black!"
얼굴이 두껍다,넌 참 얼굴도 두껍다,How dare you be so bold-faced!
숨 거두다,유미씨가 숨을 거둔 곳도 그의 택시 안이었다.,The place where Yumi died was also in his taxi.
아무렇지 않다,다 미 언니는 너희가 부른 것도 아닌데 자기가 아무렇지 않게 테이블에 앉고 자기 친구들 부른 거잖아.,You did not call her she just came to the table and called her friends.
밑져야 본전,밑져야 본전이라는 생각으로 지원해 봤는데 붙었다.,I applied for that company because I thought I had nothing to lose and I passed.
길 뚫다,"전반이 끝날 때까지 전자랜드의 우위는 더 강화됐고, 케이씨씨는 강력한 전자랜드의 수비에 공격의 길을 뚫지 못했다.","By the end of the first half, E-Land's dominance was further strengthened, and Mr. K couldn't penetrate the strong E-Land defense."
술잔을 기울이다,의도치 않게 노회찬 의원을 애도하는 시민들 모습과 대비돼 문 대통령이 술잔을 기울이는 모습이 불편했다는 것이다.,"It is said that in contrast to citizens mourning the lawmaker Roh Hoe-chan, it was inadvertently uncomfortable that President Moon was tilting his drinking glass."
손발 맞다,그런 가운데 두 사람은 팬들을 위한 선물을 준비하기 위해 생필품 매장으로 향했고 환상의 짝꿍이 돼 손발이 척척 맞는 호흡을 보여줬다고 전해져 기대를 모은다.,"In the meantime, expectations increased as the two reportedly headed to a daily necessities store to prepare gifts for fans, and displayed an amazing chemistry of cooperation as a fantastic pair."
둥지 틀다,배우 주민하가 새 소속사 MBG 엔터테인먼트에 둥지를 틀었다.,"Actress Ju Min-ha joined a new agency, MBG Entertainment."
사랑이 식다,여자친구랑 헤어졌어요. 사랑이 식은 것 같았어요.,I broke up with my girlfriend. I think our love is fading.
찬물을 끼얹다,카바니가 추가골을 터트리며 상승세를 타던 포르투갈의 분위기에 찬물을 끼얹었다.,Cabani made an additional goal and threw a wet blanket to Portugal's upward atmosphere.
열에 아홉,새 학기를 시작하는 모습 속에는 반드시 의미 있는 학기를 만들어 보겠다는 굳은 의지가 빛나는 이들은 열에 아홉은 족히 될 것이다.,"In the beginning of the new semester, there will be nine out of ten people who determined to make meaningful semesters."
귀 기울이다,"시민이 다른 시민의 외침에 귀 기울일 때, 그리고 그의 아픔에 공감하고 연대할 때 비로소 공화(共和)다.","When a citizen listens to another citizen's call and sympathizes with and associate with his pain, universal harmony is accomplished for the first time."
돈을 만지다,"수천만원을 횡령한 학교 예산 책임자가 여전히 학교돈을 만지도록 할 수는 없다는 생각에, 안 교사는 2012년 서울시교육청에 이런 사실을 제보했다.","As he thought that he could not let the school budget manager, who had stolen tens of millions of won, continue to touch school money, the teacher Ahn reported this fact to the Seoul Education Office in 2012."
마침표를 찍다,고립 17일 만에 해피엔딩으로 마침표를 찍은 기적의 드라마 속 주인공들은 서로 얼굴도 이름도 몰랐던 평범한 사람들이었다.,"The characters in the miracle drama, which ended with a happy ending after 17 days in isolation, were ordinary people who didn't know each other's faces or names."
불꽃 튀다,"‘더 뱅커’ 김상중이 대한은행 신입사원 채용 비리를 주도한 서이숙을 정조준, 불꽃 튀는 정면 충돌로 심장 쫄깃한 긴장감을 선사했다.","Kim Sang-joong of ""The Banker,"" pointted out Seo Yi-sook, who led the irregularities in hiring new employees at Daehan Bank, shaping the fiery head-on collision with her which gave a sense of heart-wrenching tension."
도장 찍다,"시간을 계속 흘렀고, 삼성은 윤성환측에 최종 제시안을 건네고 답변을 기다렸고, 마침내 윤성환이 계약서에 도장을 찍으면서 협상이 완료됐다.","Time went on, and after Samsung handed Yun Sung-hwan a final offer and waited for his reply, negotiations were finally complete when Yun signed the contract."
고생 끝에 낙이 온다,"고생 끝에 낙이 온다는 말처럼, 그는 온갖 고생을 했지만, 마침내 대단한 것을 이뤄냈다.","Just like every cloud has a silver lining, he jumped through hoops and finally achieved something great."
배꼽 잡다,무대 위 배우들이 진지할수록 관객들은 배꼽을 잡게 된다.,"The more serious the actors are on stage, the more likely the audience is to laugh their head off."
가시 돋치다,결벽증을 정신병으로 여기는 할아버지 차회장(안석환 분)에게 정을 붙이지 못하고 겉돌기만 한 장선결은 늘 가시가 돋아 있었다.,"Jang Seon-gyeol, who couldn't attach his heart to his grandfather President Cha (Ahn Seok-hwan), who regards mysophobia as a mental illness, always had thorns."
얼굴을 들다,외국을 상대로 대한민국을 대표하는 정부 주무 부처와 직원들이 이런 수준이라니 낯이 화끈거려 얼굴을 들 수가 없을 지경이다.,It is embarrassing to hear that the ministries and employees in charge of government affairs representing the Republic of Korea are at such a level to foreign countries.
눈총 받다,교체설로 힘이 빠진 환경부 수장은 지난 19일 국립공원위 위원장인 박천규 환경부 차관이 사업자의 의사 진행 방해를 방조한다는 눈총까지 받으며 회의를 진행하는 상황에서 이미 속수무책이었다.,"The head of the Ministry of Environment, who lost her strength due to the rumors of replacement, was already helpless at a time when Chairman of the National Park Committee / Vice Minister of Environment Park Cheon-kyu was presiding the meeting on the 19th under the glare that he was aiding the obstruction of proceedings by the operator."
김칫국부터 마시지 마,"네가 주식 투자를 막 시작했다는 것 알아. 그래서 말인데, 절대 김칫국 마시지 말았으면 좋겠어.","I know you just started investing in stocks, so I hope you don't count your chickens before they hatch."
가슴이 두근거리다,홀에 울리는 그의 목소리에 그녀는 가슴이 두근거렸다.,The sound of his voice in the hall made her heart flutter.
속 시원하다,"청와대 반부패비서관실 소속 특별감찰반 전원이 교체되는 초유의 사태가 벌어졌지만, 이를 둘러싼 의문은 속 시원히 밝혀진 게 없다.","There was a colostrum in which all the special inspectors in Cheong Wa Dae anti-corruption secretary's office were replaced, but the questions surrounding it were not clear."
속 끓이다,물리적으로도 공동조사가 11월을 넘기면 철도-도로 연결과 현대화를 위한 착공식을 사실상 올해 안에 개최하기 어려울 수 있다는 점도 정부가 속을 끓이는 이유다.,"The government is concerned because if the joint investigation continues into November, it may physically be difficult to hold the groundbreaking ceremony for connecting the railroad-road and modernization."
손에 잡히다,"마이크 폼페이오 미국 국무장관의 지난 6∼7일 북한 방문에서 손에 잡히는 비핵화 성과물이 보이지 않자, 미국 공화당 일부 의원들이 한-미 연합군사훈련을 다시 입에 올리고 있다.","As U.S. Secretary of State Mike Pompeo's visit to North Korea on 6-7, some U.S. Republican lawmakers are putting the South Korea-U.S. joint military drill back on their lips."
발을 뻗다,문제가 해결 됐으니 발 뻗고 잘 수 있겠다,I solved the problem so I was able to relax.
손발이 맞다,"쟤네 둘은 맨날 싸우는데, 프로젝트 할 때만 되면 그렇게 손 발이 잘 맞을 수 없다.","Those two always fight, but when they work in a project, they have a really great chemistry."
어깨가 무겁다,김경수 경남지사는 4일 국민일보와의 인터뷰에서 “어깨가 무겁다”고 운을 뗀 뒤 조선업 구조조정 등으로 침체에 빠진 경남 경제를 살리는 일을 도정의 최우선 과제로 삼겠다고 밝혔다.,"Kim Kyung-soo, governor of South Gyeongsang Province, said in an interview with the Kookmin Ilbo on the 4th that he will make reviving the economy in South Gyeongsang Province, which has been in a slump due to a restructuring of the shipbuilding industry, a top priority for the provincial government."
발 디딜 틈이 없다,강원도 고성 산불 나흘째인 7일 임시 대피소가 마련된 고성군 천진초교 체육관은 전국에서 달려온 봉사 차량과 봉사자들로 발 디딜 틈이 없었다.,"Cheonjin Elementary School Gymnasium in Goseong-gun, where the temporary fire shelter was installed on the fourth day of forest fire to Goseong-gun, Gangwon-do was full with service vehicles and volunteers from all over the country."
눈치 보다,"내가 잘못 생각할 수도 있지만, 당신이 다른 사람들의 눈치를 보는 것처럼 느꼈어.","I might get this wrong, but it felt like you were minding what others might think of us too much."
설 자리가 없다,"산타도 전문가 시대, 이제 무늬만 산타인 가짜 산타는 설 자리가 없다.","Santa also becomes professional, and now there is no place for a fake Santa, whose appearance only is Santa."
철퇴를 가하다,경기도(도지사 김문수)가 광교·판교 주변에서 불법 부동산 중개행위를 벌인 업소에 철퇴를 가했다.,Gyeonggi Provincial Government (Governor Kim Moon-soo) has imposed a withdrawal on businesses that engaged in illegal real estate transactions near Gwanggyo and Pangyo.
홍역 치르다,삼성바이오로직스가 분식회계로 홍역을 치렀음에도 신수종사업으로서 성장잠재력이 무궁무진한 바이오사업을 축소하는 일은 없을 것임을 분명히 한 것으로 풀이된다.,"Samsung BioLogics is believed to have made it clear that it will not reduce its bio business, which has an infinite growth potential as a new business area, even though it was hit hard by the accounting scandal."
포문을 열다,아바스틴 바이오시밀러를 둘러싼 경쟁은 글로벌 제약사가 이미 포문을 열었다.,The global pharmaceutical companies have already opened the door of competition over the Avastin biosimilar.
탈 쓰다,"이 어마어마한 혐오 표현은 농담의 탈을 쓰고 십수년간 유통됐는데, 이런 말이 문제라는 인식이 퍼지기 시작한 건 불과 몇년 안 됐다.","This enormous hate speech was circulated for decades under the guise of jokes, and it was only a few years ago that the perception that it was a problem began to spread."
오지랖 넓다,김정은 북한 국무위원장에게 오지랖 넓다고 비난받은 문 대통령이 트럼프 대통령에게 이런 모욕을 받았다니 이래저래 고생이 많겠다.,"President Moon, who was accused of being far-reaching by North Korean State Councilor Kim Jong-un, must have suffered a lot due to such insults from President Trump."
뜻 맞다,소매각시는 얌전한 탈을 쓰고 노랑저고리 분홍치마를 입고 수줍은 모습으로 춤을 추며 양반광대와 서로 뜻이 맞아 어깨를 끼고 장내를 돌아다니며 사랑을 나눈다.,Somae wife wears a modest mask with a yellow jacket and a pink skirt. And she dances shyly and walks with nobleman clown with holding each other's shoulders and share love each other.
짐을 싸다,기업들이 한국에서 짐을 싸고 신사업 성공을 감춰야 하는 불안한 시장이 지속되고 있지만 정부 안에서 암호화폐에 대해 진지한 정책검토를 하고 있다는 낌새는 아직 없다.,"There is no sign yet that governments are serious about the policy review of cryptocurrency, although a volatile market continues to require companies to pack their bags and hide the success of new businesses in Korea."
북 치고 장구 치고,나는 혼자서 북 치고 장구 치며 그 보고서를 준비했다.,I prepared the report as a one-man band.
무대에 서다,칠흑 같은 어둠이 가신 무대에 모녀가 서 있다.,Mother and daughter stand on the stage where complete darkness has gone.
발 묶이다,미중 무역협상이 막바지 고비를 맞아 정체되고 있는 가운데 한동안 국내 정치에 발이 묶였던 시진핑 중국 국가주석이 국제사회에서 우군 확보를 위한 본격 행보에 나선다.,"Midst the U.S.-China trade negotiation is stagnating at the last stage, Chinese President Xi Jinping, who was tied to domestic politics for a while, is going to put a full-scale effort to secure allies in international society."
몸 둘 바를 모르다,그렇게 말씀해주시다니 몸 둘 바를 모르겠습니다.,"When you say it like that, I'm so grateful."
백짓장도 맞들면 낫다,백짓장도 맞들면 낫다는 것은 누구나 다 안다.,Everyone knows that two heads are better than one.
다시 말하면,"다시 말해, 인터넷은 정치 협회에 걸리는 거래 비용을 크게 낮추는 것이었습니다.","In other words, the Internet was meant to significantly lower the transaction costs that will take on political association."
자기도 모르게,"교회 예배당에 모인 사람들은 자기도 모르게 클래식 선율에 눈을 감고, 음악이 주는 상상의 세계에 빠져듭니다.","People in church chapels unwittingly close their eyes to classical tunes, and fall into the imaginary world of music."
토씨 하나 안 틀리고,기자라는 사람이 남의 기사를 토씨 하나 안 빼 놓고 그대로 배꼈다니.,Someone who calls himself a reporter copied an article without any changes.
바가지 썼다,나는 해변가에서 바가지 썼다,“I got ripped off at the beach”
발등에 불 떨어지다,새 국제회계 기준(IFRS17) 도입을 앞두고 자본을 늘려야 하는 보험사는 설계사의 고용보험 가입으로 높은 유지비용 부담을 또 하나 안게 될 가능성이 커지면서 당장 발등에 불이 떨어졌다.,"Insurance companies, which ned to increase capital ahead of the introduction of the new International Accounting Standards (IFRS17), are pressed by urgent situation as the potential for another high maintenance coast burden is increased due to the registration of employment insurance by their architects."
미역국을 먹다,나는 대학 입학에 합격하지 못하고 미역국을 먹었다,I failed the university entrance exam.
두고 보다,그가 그것을 정말로 할 수 있는지 없는지 두고 보자고요.,We'll see whether he can really do it or not.
바람 쐬다,공터 옆에 화장실도 있고 차 대놓고 바로 앞에서 할 수 있어 바람 쐬기에 좋아요.,It is good to park a car and get some air at the empty lot and there is a toilet next to it.
생으로 먹다,혹시 나는 미역 비린내가 나지 않을까 해서 면을 생으로 먹어봤는데 그런 건 전혀 없고 맛있는 생라면이었습니다.,I tried noodles raw because I thought they might smell the seaweed and there was nothing like that so it was delicious raw ramen.
원숭이도 나무에서 떨어진다,원숭이도 나무에서 떨어질 때가 있나 보다.,I guess even Homer sometimes nods.
한 수 위,어떻게 그런 생각을 했어? 역시 네가 나보다 한 수 위야.,How did you come up with something like that? You are surely one step ahead of me.
죽기보다 싫다,죽기보다 싫은 일은 너를 내 안에서 지우는 일이야.,The thing that I hate more than the death is erasing you from inside of me.
머리 쓰다,비정상 구조에서는 언제나 잔머리 쓰고 새치기 하고 나쁜 짓 하는 소수가 이익을 보고 선량한 다수가 피해를 본다.,"In an abnormal structure, a minority that uses tricks and cuts in line benefits, and the good majority receive damage."
귀가 얇다,저는 귀가 얇아서 다른 사람 말을 잘 믿어요.,"I am gullible, so I easily believe what others say."
눈 돌리다,실용학문에 눈 돌린 동래부사 강필리가 쓴 ‘감저보’와 학자 서유보가 쓴 ‘종저보’가 출간된 뒤 고구마 재배가 널리 퍼졌다.,"After publications of ""Gamjeobo"", written by Dongnae Magistrate Kang Pil-ri, who turned his attention to practical studies, and ""Jongjeobo"", written by scholar Seo Yoo-Goo, sweet potato cultivation became widespread."
손을 놓다,경제가 어려워 큰일이라면서 최저임금 결정구조 개편과 탄력근로제 확대처럼 여야 이견이 좁혀진 법안도 마냥 손을 놓고 있다.,"Although they say the economic difficulties are a big problem, the ruling and opposition parties are now sitting back on bills that they have narrowed their differences on, such as the overhaul of the minimum wage decision-making structure and the expansion of the flexible work system."
여간 아니다,"육아가 여간 힘든 일이 아니라더니, 엄마는 역시 힘든 존재라고 생각하며 또 한편으로는 ‘엄마’라는 존재 덕분에 나도 우리도 클 수 있다는 감사함이 떠올랐다.","As they say, parenting was a difficult task and I thought it's tough being a mom. On the other hand, I was thankful that I and we could grow up too, thanks to the presence of ""Mom""."
바람을 일으키다,한국에 학력 위조 검증 바람을 불어일으킨 신정아가 화제다.,Shin Jeong-ah has become a hot topic by creating a trend to verify the academic backgrounds in Korea.
뒤로 빠지다,"법무부는 과거사위로부터 ‘수사 촉구’ 결정문을 받아 대검으로 송부했지만, 수사 개시 여부는 “대검이 결정할 일”이라며 뒤로 빠졌다.","The Ministry of Justice received a ""urge for investigation"" decision from the committee and sent it to the Supreme Prosecutors' Office, but it fell back, saying whether the investigation will begin is up to the Supreme Prosecutors' Office to decide."
목숨 끊다,"노회찬이 목숨을 끊은 지난 7월23일 이후 8월16일까지 한 달이 채 안 되는 시간 동안 8,233명의 국민이 정의당원이 됐다.","Since July 23 when Roh Hoe-chan took his life, 8,233 people have become members of the Justice Party in less than a month until August 16."
전에 없다,내가 건축가가 되고 싶은 이유는 전에 없던 새로운 건물을 건설하고 싶기 때문이에요.,The reason why I want to be an architect is that I want to build a new building that has never existed before.
바람을 넣다,친구는 계속 새 차를 사라고 나에게 바람을 넣었다,My friend is always going on at me to buy a new car
거리가 멀다,왜소한 체격과 눈에 띄지 않는 플레이는 화려함과 거리가 멀었다.,The small physique and inconspicuous play were far from splendid.
가닥을 잡다,네이버 관계자는 “장기적으로 직원과 회사가 성장의 과실을 공유하는 방안을 고민하다가 스톡옵션 쪽으로 가닥을 잡은 것”이라고 설명했다.,"After thinking about sharing the fruits of growth in the long term, we decided to move toward stock options, said a representative for Naver."
시간 가는 줄 모르다,유니버설 스튜디오는 무척 재밌어서 시간 가는 줄 몰랐다.,I lost track of time because Universal Studio was so much fun.
자취를 감추다,한동안 자취를 감췄던 시리즈물 제작에 다시금 불이 붙은 셈이다.,"In other words, the production of the series, which had disappeared for a while, has caught fire again."
하늘이 무너져도 솟아날 구멍이 있다,"하늘이 무너져도 솟아날 구멍이 있다고, 다른 방법을 생각해야 해요.","There is always a way out, you should think of a different method."
막차를 타다,총부채원리금상환비율(DSR) 규제의 본격 시행을 앞두고 대출 막차를 타려는 수요가 몰리면서 주요 은행의 신용대출이 한 달 새 2조원이 급증했다.,"Amid the growing demand for the finalization of the DSR regulation, major banks' credit loans surged 2 trillion won a month."
날개 펴다,번뜩이는 아이디어로 무장한 경기도내 소상공인들이 경기도의 ‘특화기술 개발사업’을 만나 국내·외 시장서 날개를 펴고 있다.,"Small business owners in Gyeonggi Province, armed with brilliant ideas, have met Gyeonggi Province's special technology development project"" and are spreading their wings in domestic and foreign markets."""
적을 두다,"뉴욕 프랫대학에 적을 두고, 거침없이 분출하는 미국 현대미술의 세례를 받던 작가는 그러나 서양의 미감을 그대로 쫓아선 결코 안 된다는 사실을 깨우쳤다.","The artist, who belonged to Pratt Institute in New York and influenced by American contemporary art that spurred explosively, realized that he should never pursue Western aesthetic status-quo."
갈 길이 멀다,반가운 소식임에 틀림없지만 아직은 갈 길이 멀다.,"Good news, but we still have a long way to go."
비 오듯,군민들은 포탄과 총알이 비 오듯 퍼붓는 모습을 보고 또 굉음을 들으면서 며칠 밤을 지새우며 공포에 떨어야 했다.,"As the county residents saw the shells and bullets pouring like rain and heard a roar, they spent a few nights sleepless with fear."
믿는 도끼에 발등 찍힌다,"나는 그녀를 완전히 신뢰했는데, 믿는 도끼에 발등 찍힌 격이 되었어.","I completely trusted her, but it ended up being a case of being stabbed in the back"
피부로 느끼다,"문 위원장은 지난 13일 한 토론회에서 “소득주도성장, 혁신성장, 공정경제, 포용국가라는 어젠다는 국민이 피부로 느끼기에 너무 포괄적이고 추상적”이라고 지적하기도 했다.","Chairman Moon also pointed out in a forum on the 13th that the agenda of income-led growth, innovative growth, a fair economy and an inclusive country is too comprehensive and abstract for the people to feel with their skin."
시도 때도 없다,"선생님에게만 커피를 사 가고, 시도 때도 없이 꿀벌이 사진 찍기에 여념이 없으며, 이쪽저쪽 항균 스프레이를 뿌려대는 승준을 엄마들은 무리에 끼워 주지 않았다.","Moms did not let Seung-jun in their group who only buys coffee for her teacher, taking pictures of honeybeess everytime, and spraying an antibacterial spray here and there."
병주고 약주다,이제 그만해! 병 주고 약 주는 거니?,Enough already! Are you playing cat and mouse with me?
말 많다,나이 많은 한국 여자들은 할 말이 많아요.,Old Korean women have a lot to talk about.
눈이 맵다,미세먼지 때문에 눈이 맵다,My eyes are hurting because of the pollution!
찬물을 끼얹다,영화를 보는데 엔딩을 말해서 찬물을 끼얹었다,"Right before we saw it, someone spoiled the ending and ruined the mood."
서슬 퍼렇다,서슬 퍼렇던 더위가 세월 앞에 털썩 주저앉았다.,The scorching heat has subsided before the passing of time.
귀 익다,"귀에 익은 OST에 화려한 비주얼, 할리우드 명배우들의 조합이 더해져 한층 업그레이드된 동화 속 세상으로 관객들을 이끕니다.","The familiar OST, plus a combination of colorful visuals and Hollywood celebrities, drives audiences to an upgraded world of fairy tales."
불 보듯 뻔하다,"교수나 학생 모두 손해를 볼 수밖에 없고, 교육의 질도 현저히 떨어질 것이라는 점은 불 보듯 뻔한 일이다.","It is obvious that both professors and students will suffer losses, and that the quality of education will decline significantly."
발 구르다,중국 경제가 급속도록 악화되고 있지만 중국 정부는 뾰족한 대책을 내놓지 못한 채 발만 구르고 있는 형편이다.,"China's economy is rapidly deteriorating, but the Chinese government has failed to come up with a sharp measure and is only pacing around."
발등에 불이 떨어지다,마감 일자가 내일이니 발등에 불이 떨어진 거지.,We are pressed for time since the deadline is tomorrow.
혀를 차다,"청소년 장래희망 1위가 공무원이란 말에 혀를 차곤 했는데, 그것이 ‘행복 이너서클’에 들어가려는 아주 합리적인 선택임을 이 조사가 입증한 것일 수도 있겠다.","The survey may prove that the number one job in youth's future was a public official, and that was a very reasonable choice to enter a ""inner circle of happiness""."
간 떨어지다,장난 좀 그만 쳐. 간 떨어지는 줄 알았잖아.,Stop kidding me. It scared me off.
쥐고 흔들다,지금까지 교육행정은 교육부 관료가 교육과정 편성·수업평가까지 쥐고 흔드는 체제다.,"So far, educational administration is a system that the bureaucrat of Ministry of Education grabs and shakes curriculum organization and class evaluation."
문턱을 낮추다,기존 규제도 네거티브 방식으로 전환해 새로운 형태의 신규 파생상품이 등장할 수 있도록 규제 문턱을 낮춘다.,"The existing regulations will also be converted into negative ones, lowering the regulatory threshold so as to help the emergence of new types of derivatives."
빛을 보다,그러던 중 올해 들어 대만계 식품·유통 1위 기업인 퉁이그룹으로 주인이 바뀌면서 가을대추는 다시 빛을 보게 됐다.,"Then, as the owner of Taiwan-based food and distribution company Uni-President Enterprises Corporation has been changed this year, the Autumn Jujube has been in full bloom again."
숨통 틔우다,특히 전자음악가 키라라 등 4명의 퍼포머가 선보이는 전자음향과 영상에 펼쳐지는 격렬한 춤 동작은 진지한 접근 때문에 무거워질 수 있는 전시 공간에 숨통을 틔워주는 역할도 한다.,"In particular, the intense dance moves in electronic sounds and videos presented by four performers including electronic musician Kirara also provide a breathing space in the exhibition space that can become heavy due to the serious approach."
낭패 보다,"녹화를 위해 모임 장소를 카페에서 영화 스튜디오로 옮기고, 모임 이름이 ‘희곡이 들린다’에서 낭독낭패로 변했을 뿐 희곡을 읽으며 연극을 가깝게 느껴본다는 취지는 바뀐게 없다.","The purpose of moving the meeting place from the caf? to the movie studio for recording, and the name of the meeting changed from 'I hear the play' to reading aloud, has changed the purpose of reading the play and feeling closer to the play."
진땀 흘리다,배우 김보성 허지훈 형제가 어색함 때문에 진땀을 흘린다.,Actors Kim Bo-sung and Huh Ji-hoon brothers are sweating because of their awkwardness.
마음이 통하다,서로 마음이 통하면 쓸 수도 있는 말이다.,You can use that kind of words when you understand each other.
길을 열다,샌안토니오는 상대 가드진이 돌파를 할 때 거의 자동문 수준으로 길을 열어주면서 다양한 공격을 허용하고 있다.,San Antonio allows a variety of attacks by opening the way almost to the level of an automatic door when the opposing guard makes a breakthrough.
바람 넣다,매주 2회 일반인을 위한 유리 아카데미도 운영하고 있는데 섭씨 1천도가 넘는 유리에 파이프로 바람을 불어넣는 ‘블로잉’과정을 체험할 수 있는 곳은 서울에서 이곳이 유일하다.,"There is also a glass academy for the general public twice a week, the only place in Seoul where you can experience the ""blowing"" process that blows pipes over 1,000 degrees Celsius."
두말할 나위 없다,이동휘 배우는 두말할 나위가 없을 것 같다.,Actor Lee Dong-hwi seems to have nothing doubtful but perfect.
애가 타다,"연락이 없어 애가 타겠지만, 특별히 할 이야기가 없어서 연락이 없는 걸 거야.","You might worry because there is no contact, I think it is because he has nothing special to talk."
고개 숙이다,반도체로 거침없는 성장을 했던 삼성전자가 반도체 부진에 고개를 숙였다.,"Samsung Electronics, which has grown steadily with semiconductors, leaned back on sluggish semiconductors."
뒤를 받치다,자신의 뒤를 받친 안데르 에레라와 네마냐 마티치 덕에 수비 부담이 덜해진 포그바는 자신의 공격적 재능을 만개할 수 있었다.,"Thanks to Ander Herrera and Nemanja Mati? in the back, Pogba with lessened defensive burden managed to enjoy the full bloom of his aggressive talents."
어깨가 무겁다,그는 새 프로젝트를 책임지게 되어 어깨가 무거웠다.,He felt burdened with the responsibility of the new project.
곁 떠나다,세상에서 내가 가장 존경하고 사랑하는 언니가 한 달 전 7월 18일 새벽에 하나님 곁으로 떠났습니다.,My most respected and beloved sister in the world left for God at the dawn on July 18 a month ago.
금강산도 식후경,"금강산도 식후경이라고, 배고픈 상태에서는 아무것도 집중할 수 없어",We say it's pudding rather than praise. You can’t focus on anything when you’re hungry. 
하는 수 없이,"엄마는 보조키를 가져오겠다며 자리를 떴고, 시민들은 하는 수 없이 엄마가 올 때까지 차량에 물을 뿌려 내부 온도를 낮췄다.","The mother left to bring the assisting key, and the citizens lowered the inner temperature by watering the car until the mother came back."
눈 높다,나는 눈이 높아서 데이트를 잘 안 해요.,I hardly go on a date because I have high standards.
말 듣다,이렇게 말 잘 듣는 애들은 처음 봐요.,I've never met such well-behaved children.
숨 막히다,형식적인 자기소개가 오간 뒤에는 숨 막히는 정적이 흘렀다.,"After they exchanged formal self-introduction, a breathtaking silence passed."
호랑이도 제 말하면 온다,"호랑이도 제말하면 나타난다더니만, 이제 오시는구만.","Speak of the devil, here he comes now."
등 돌리다,당장 블록체인이 인터넷처럼 수익을 내는 사업을 가시적으로 내놓기 어렵다 보니 일반적인 사람들이 블록체인 자체에 등을 돌릴 수 있다는 것이다.,"It is difficult for blockchain to launch a visible and profitable business like the Internet right away, so ordinary people may turn their backs on the blockchain itself."
손 내밀다,윤 전 장관은 여권이 먼저 손 내밀어야 한다고 진단했다.,Former minister Yoon diagnosed that the ruling camp should reach out first.
덜미 잡히다,지난해 대통령선거 때부터 최근 더불어민주당 경기도지사 경선까지 이재명 후보를 비방하며 허위사실을 유포해온 유명 댓글러(댓글을 다는 사람) ‘경대승’이 경찰에 덜미를 잡혔다.,"The police caught a ""Gyeongdaeseung,"" a famous commenter who spread false information by slandering Lee Jae-myung from last year's presidential election to Gyeonggi Province governor primary of the Democratic Party of Korea."
촉각을 곤두세우다,"청문회는 미 전역에 생중계됐으며, 미 주요 언론들은 ‘러시아 스캔들’로 촉발된 사태가 트럼프의 탄핵으로 이어질지를 놓고 연일 촉각을 곤두세우고 있다.","The hearing was broadcast live throughout the U.S., and major U.S. media outlets have been paying keen attention to whether the incident sparked by the ""Russian scandal"" will lead to Trump's impeachment."
날 세우다,"나 원내대표는 더불어민주당 홍영표 원내대표가 “지열발전사업이 이명박, 박근혜 정부에서 이뤄졌고 관리도 부실했다”고 주장한데 대해 비판의 날을 세웠다.","Na, floor leader criticized Hong, floor leader of the Minju Party for saying, “The regional development projects were conceived in the Administrations of Lee Myung-bak and Park Geun-jye, suffering from poor management."""
제자리에 머물다,"국가 간 협력이 선언 수준에 머물며 제자리에 머물러 있는 사이, 시민 삶과 가장 가까이서 정책을 집행하는 지방정부가 국가 간 협력의 빈 자리를 메우고 있다.","While cross-border cooperation remains at the declaring level, local governments that enforce policy, which is most closest to lives of citizens, are filling its void."
앞뒤 가리지 않다,원폭 개발 뒤 미국의 태도가 변했음을 감지한 스탈린은 앞뒤 가리지 않고 극동소련군에게 총공격 명령을 내렸다.,"Stalin, who sensed a change in American attitudes after the development of the bomb, ordered the Far East Soviet Army to launch a full-scale attackgun attacks."
말할 것도 없이,코리안시리즈는 말할 것도 없이 당연합니다.,There is no need to say about the Korean league.
자나 깨나,"자나 깨나 농사 생각뿐인 열여섯 살 8년 차 농부 태웅이의 솔직, 담백한 매력이 시청자들에게 신선한 재미를 주고 있다.","The honest and innocent charm of 16-year-old farmer Tae-woong, who only thinks about farming with 8 years of farming career, is giving viewers fresh fun."
곡기를 끊다,정부가 제 할 일을 했더라면 동료들이 목숨을 끊고 이런 맑은 가을날 곡기를 끊으며 눈물 흘리지는 않을 것입니다.,"If the government had done its job, my colleagues would not take their lives, and I would not cry over these sunny autumn days."
발 벗고 나서다,사실이라면 도덕적으로 파탄 난 검찰 고위간부의 출세와 보호를 위해 청와대가 발 벗고 나섰다는 말이어서 어처구니가 없다.,"If it is true, then it means that the Blue House stepped up for the success and protection of the morally broken down executives of the prosecution, which is ridiculous."
눈이 높다,나는 남자를 보는 눈이 높다,I have high standards when it comes to relationships.
발 빠르다,탑항공은 인터넷 기반 경쟁 업체들이 생겨나고 항공권 발권 대행의 수익구조 변화에 발 빠르게 대처하지 못해 경영악화를 겪었다.,Top Airlines suffered a deterioration in its management due to the emergence of internet-based competitors and a rapid change in the revenue structure of ticketing agencies.
골이 깊어지다,공동행동은 오는 10일 김세권 대표를 서울중앙지검에 고발할 예정이어서 양측 갈등의 골이 더욱 깊어질 수도 있다.,"Collective Action is scheduled to file a complaint with the Seoul Central District Prosecutors' Office against Kim Se-kwon on the 10th, which could further deepen the conflict between the two sides."
배가 아프다,그는 동료가 자기보다 먼저 승진하자 배가 아팠다.,He turned green with envy when his colleague was promoted before him.
우레 같은 박수,이미 그의 명성을 익히 알고 있고 그의 음악 세계를 알고 있는 관객들이 우레와 같은 박수로 지휘자 정명훈을 반긴다.,"Audiences who already know his fame and know his world of music welcome the conductor, Jung Myung-hoon, with thunderous applause."
눈감아 주다,이번에는 제가 눈감아 줄테니까 다음부터는 실수하지 마세요.,"I will let it slide this time, but please don’t make this mistake next time."
이를 데 없다,"이건 돼지고기를 땅속에서 구워 익히는 전통요리로, 부드럽기가 이를 데 없고 풍미가 아주 좋아.","This is a traditional dish of pork cooked in the ground, and it is super tender and savory."
내로라하다,"전세계에서 내로라할만한 IT 천재들만 모인 곳이 구글이다 보니, 검색 결과를 보면 가끔 놀랍다.","As Google gathered IT geniuses that are the cream of the crop in the world, it is sometimes stunning to watch their search results."
벽 쌓다,"새로운 것, 자신들이 좋아하는 것을 받아들이는데 벽을 쌓지 않는 이들에게 K-pop에 대한 최근 인기는 한류의 신시장으로서의 중남미의 가능성을 여실히 보여주는 대목이라고 생각한다.","I think that the recent popularity of K-pop for those who do not build their own walls to accept what they like and what is new, is a clear indication of the potential of Latin America as a new market of Korean Wave."